Dist_A0,Dist_A1,Dist_A2,Dist_A3,Dist_A4,Dist_A5,Dist_A6,Dist_A7
4.703659534,3.387135744,4.075242043,5.755567551,5.298146725,2.896756887,4.450748444,5.644021034
4.527815342,6.286001682,4.632228374,3.275863171,5.538384914,5.645740986,5.510685444,2.873794556
4.438011169,4.45470047,4.459228992,4.504568577,4.856852531,3.892879725,4.561839581,4.600795746
5.805787563,5.090488434,3.212973118,5.155331135,6.238864422,4.549751759,3.258574247,4.623565197
4.12784481,4.649573803,4.267119884,4.597391129,4.571071148,4.013755322,4.674757004,4.073359013
4.239375114,4.565794945,4.088366032,4.729005337,4.671046257,4.01549387,4.610693455,4.11519146
4.503847599,6.289231777,4.726058483,3.21246767,4.59188652,5.681052208,4.80959034,2.811287642
5.950814247,4.928166866,3.059280872,5.264827728,6.349333286,4.561774254,3.145274878,4.669497967
5.157195091,5.500854015,3.798270226,4.297247887,5.520333767,4.979783058,3.887301445,3.641142607
5.150905132,5.507319927,3.829034567,4.280493259,5.351818562,5.148074627,3.999196529,3.707870722
4.518399239,6.29797411,4.630033493,3.308413267,4.821237087,5.601543903,7.017524242,2.982089996
3.840103865,5.531968594,4.087201595,5.334022522,5.148835659,3.85797739,5.373896122,4.148992538
4.263028145,4.471800804,4.333248138,4.5813694,4.768025875,4.091884136,4.750128746,4.427447319
4.848926544,3.488649607,4.200045109,5.799240112,5.253885269,2.816847563,4.385895252,5.70181036
4.566355705,6.343179226,4.661841393,3.302599907,4.582539558,5.680489063,4.86410284,2.851259947
4.208190918,4.480661392,4.21367979,4.644260406,4.610196114,4.103021622,4.724334717,4.310470581
6.108879089,5.077646732,2.717987776,5.409683704,6.502274513,4.633947849,2.933219194,4.635441303
4.228991508,4.565860271,4.135217667,4.619218349,4.676907539,4.069149494,4.570053577,4.143718719
5.120700359,6.012997627,3.721601248,4.247488976,5.506168365,4.902969837,4.230587959,3.596146584
4.194636822,4.957375526,4.193530083,4.743379116,4.665794849,4.070803165,4.662219048,4.174328804
4.878901005,5.748771191,3.904332638,3.955191612,5.097658634,4.977661133,4.335698605,3.413967133
4.699226856,3.907456875,4.110887527,5.597109795,5.184627533,2.998579264,4.406988144,5.559101105
5.701235294,4.841226101,2.786422729,5.229630947,6.056892395,4.367005348,3.233032227,4.678582191
5.750446796,4.943779945,2.61387372,5.221074104,6.158887863,4.536208153,3.132673264,4.51363945
4.189486504,4.5675354,4.161016464,4.65093708,4.675076485,4.093062401,4.66593647,4.095004559
5.119831085,5.455722809,3.766238451,4.298266411,5.36679554,5.143306255,4.031449795,3.668425798
3.903926611,5.059877872,4.164200783,5.256539345,4.847038269,4.042570591,4.992568493,4.12946558
4.686239243,3.332240343,4.162397861,5.665764332,5.245313644,3.008928061,4.463726521,5.573736668
4.260178566,4.531657219,4.378977776,4.565739632,4.740999222,4.075356007,4.83105278,4.421309948
3.219853401,5.079327106,5.316454887,4.461318493,3.633538723,4.341758728,5.742653847,4.123652458
5.045566082,5.326801777,3.854940176,4.391176224,5.389163017,5.126358509,4.683228493,3.696430683
4.453728676,4.597537041,4.507059574,4.294139862,4.709320545,4.154533386,4.679697037,4.438496113
4.751767635,3.563728571,4.065036774,5.693628788,5.297716618,2.933638334,4.431049347,5.608274937
4.570439816,6.343347073,4.51894474,3.261902571,4.697502136,5.7032938,4.915201187,2.742018461
5.021679401,2.86629796,4.033150196,6.2899189,5.447534561,2.749056101,4.296591759,5.832671165
4.237694263,4.610293865,4.190686226,4.617639065,4.500207424,4.158997536,4.574189663,4.162729263
5.714645863,4.72863102,2.647809267,5.27450037,6.012038708,4.298649311,3.16915226,4.676978111
4.958875656,5.241139412,3.576931477,4.394040585,5.333137512,5.293531418,4.654156685,3.677144051
3.010192394,5.33527422,5.522113323,4.464072227,3.376020193,4.450131893,6.021393299,4.164836884
5.067413807,5.528954983,3.577355623,4.279950619,5.343220711,4.979484558,4.038770199,3.614231348
3.04066515,5.352442265,5.539913177,4.468058109,3.342405796,4.447306633,6.003133774,4.19614172
3.832569838,5.540953636,5.782985687,5.39056921,5.214463711,3.875786066,5.368006706,4.170661449
3.850921869,5.626832485,4.767998695,3.664000511,3.959102392,4.790277958,5.897467613,3.446324587
4.864985466,5.781611919,3.960635662,3.924056053,5.018111229,5.020553589,4.278175354,3.354068518
4.549778461,6.247154713,4.655335903,3.333158493,4.592935562,5.666553497,4.901773453,2.817791462
3.114964247,5.384890556,5.359381676,4.371207237,3.366712093,4.475248814,5.889629364,4.059693813
5.051632404,5.441944599,3.861537218,4.391619682,5.28672123,5.351330757,4.042662621,3.692320108
3.856757164,5.508295536,4.113649845,5.355044365,5.135246754,3.855738401,5.379408836,4.12364769
5.136742592,5.52581501,3.749927521,4.200415134,5.306593418,5.476452827,4.293702126,3.625465393
4.611498833,6.355975628,4.541422367,3.350993395,4.810695171,5.702619553,4.803301334,2.837072372
4.522082806,6.426607132,4.724278927,3.22632575,4.702054024,5.763953209,4.987457752,2.728718996
5.319804192,5.236017704,3.42595005,4.780205727,5.717514992,4.733241081,3.905934095,4.099059105
3.155474663,5.330526352,5.552362442,4.394958496,3.306598902,4.550132751,5.949445724,4.189917088
4.577148438,6.321236134,4.525801659,3.478178978,4.964202404,5.671862602,4.789876461,2.939904213
4.314507961,4.431788445,4.341013432,4.972923279,4.743658066,4.034279346,4.606963634,4.448007584
5.164076805,5.604187489,3.674575567,4.194449902,5.518899441,4.975478649,3.97362566,3.583799839
2.99900794,5.258677959,5.52356863,4.45179987,3.192500114,4.453103065,5.99224472,4.172889233
4.499596119,6.346451759,4.656296253,3.290399075,4.5958848,5.664631844,5.313446522,2.869918108
5.222917557,5.575868607,3.77308321,4.323811531,5.488398552,5.126626492,3.89323616,3.728705883
4.330740452,4.623600483,4.716771126,4.413966656,4.712397099,3.939827681,4.659070492,4.595643997
4.089532852,5.797739029,4.70050621,3.612840652,4.263764858,5.060245514,5.739451885,3.31275177
5.925746441,5.055288792,2.954876423,5.284919262,6.358087063,4.632389069,3.007767439,4.640141487
4.116858959,5.150558472,4.085958958,4.665559769,4.764778614,4.134729862,4.731033325,4.103806496
4.610279083,6.353614807,4.611342907,3.320660353,4.645560741,5.632070065,4.798663616,2.838566065
4.223733902,4.875997066,3.982723475,4.690357685,4.611800671,4.14780426,4.593995571,4.158834934
4.316945076,4.357458591,4.256298542,4.629183769,4.750293732,4.008143902,4.629003048,4.404954433
3.197384834,5.333174229,5.408693314,4.371425152,3.410296202,4.460832119,5.896972656,4.094109535
4.220487118,4.644881248,4.111658096,4.590622425,4.649502754,4.085803509,4.621044159,4.135643959
3.213016272,5.35157156,5.308179855,4.339002609,3.498127222,4.485766411,5.901244164,4.061429024
3.839292526,5.575244904,4.134097576,5.374529362,5.089758396,3.829389572,5.345222473,4.10048151
5.386888981,4.570744038,3.351326942,5.290647507,5.828882217,3.956066132,3.320103884,4.740223885
4.628428936,6.388335228,4.51289463,3.245075703,4.714328289,5.649147987,6.352938175,2.796432018
3.909390211,4.101299763,4.538236618,5.130453587,4.369888783,3.689494848,5.193023205,4.665465832
4.171472549,4.559747696,4.1195755,4.671761513,4.65897131,4.059450626,4.598509312,4.082588673
4.903662682,3.161989212,4.114925385,5.763857841,5.398525715,2.865021706,4.321587086,5.714416027
5.17110014,5.513288498,3.833409309,4.3027215,5.477139473,5.088730335,3.920547009,3.648939133
4.478435516,6.332630157,4.68551302,3.239975452,4.730372906,5.708236694,5.431138515,2.798235178
5.490888596,4.680198669,2.888440371,5.314198494,5.936877728,4.055461407,3.302429199,4.717215061
5.062551022,5.513609886,3.813642025,4.180709839,5.275826454,5.033879757,4.090446949,3.586925507
4.317489624,4.433269978,4.292765617,5.120105267,4.624804974,4.110964775,4.595198631,4.4241786
4.551015854,6.387811661,4.672818184,3.271593809,4.758067608,5.747651577,5.117756844,2.787650347
4.239649296,4.803651333,4.495529175,4.351027966,4.613269329,4.132472992,4.725588799,4.359302044
4.262608528,4.594303608,4.192284584,4.622822285,4.595236301,4.123577118,4.632627487,4.10638237
5.114442825,5.327675819,3.862329721,4.409971714,5.434307098,4.933790684,4.422335148,3.833760738
3.912635088,4.273459435,4.513934612,5.091902733,4.341161728,3.743942738,5.181159496,4.631783485
4.357564926,4.608417988,4.349926472,4.553203583,4.763272285,4.086771488,4.691205978,4.515116692
4.004561424,5.241094589,4.026652813,5.349775791,5.237114906,3.895820379,5.280409336,4.18360424
4.966265202,3.56910038,4.103703022,5.864105701,5.399227142,2.663358688,4.37693882,5.829592228
3.847660065,5.522117615,4.128748894,5.369215488,5.101397038,3.904001236,5.335392952,4.179945946
5.937413216,4.980263233,2.679018736,5.219074249,6.327335358,4.658224583,3.093292475,4.528296947
5.144832611,5.480333328,3.676888704,4.317630768,5.46724081,4.879159451,3.968106031,3.6396873
5.058488369,6.108349323,3.67045927,4.356467247,5.389485359,5.274927139,4.340578556,3.639942646
5.007185936,5.895161629,3.549644232,4.276313782,5.309370518,4.819434166,4.333259106,3.667911768
4.750045776,3.096706152,4.176484108,5.7689538,5.289499283,2.864285469,4.482963085,5.690689087
4.611474514,6.30494976,4.771880627,3.331482887,4.416297913,5.617621899,5.012340546,2.942740679
3.878895283,5.525577068,4.151632786,5.367200375,5.085692406,3.840036869,5.3647542,4.100679874
5.045545101,5.181027889,3.653364897,4.443680286,5.380732536,4.931615829,4.686326027,3.777523279
4.82621336,3.674818754,4.095875263,5.771753788,5.343400955,2.849534988,4.405501366,5.732445717
4.561738014,6.28975153,4.708873749,3.252851248,4.63176775,5.737548351,4.954683304,2.783448696
3.551860809,5.400146961,5.177921772,3.971927404,3.650531769,4.856554508,5.505349636,3.736180544
5.140398979,5.333063126,3.8509624,4.403004646,5.343830109,5.07973671,4.306386471,3.798836231
3.2112782,5.303758144,5.395611286,4.348073483,3.482484102,4.483757973,5.910490036,4.079980373
3.020397425,5.32096529,5.523167133,4.451789856,3.320582867,4.449426174,6.083287239,4.203352928
5.105053902,5.507211208,3.813485384,4.316426754,5.328127384,5.489027977,4.149032116,3.649444342
5.909281254,5.124483109,2.535955667,5.283817291,6.287168503,4.616343975,3.236747026,4.526273727
5.186342239,5.429852486,3.924973011,4.278897762,5.3419981,5.202927589,4.598546505,3.766131401
4.177329063,4.957118511,3.971674204,4.665876865,4.835330486,4.013551235,4.641019344,4.135821342
4.974459171,5.421690941,3.588760614,4.32446003,5.374994278,4.920208454,4.841635227,3.739028454
3.991021633,5.156570911,3.956631899,4.794244289,4.722480297,3.807191372,5.000556946,4.148725986
5.011241436,5.681512833,3.657782316,4.280837059,5.421041489,4.930936337,4.046461582,3.631356955
3.667180777,4.577261925,4.772256851,4.880003452,4.365236759,4.034277916,5.291330338,4.355023384
5.782907009,4.928416252,3.19631958,5.062116623,6.088382721,4.546850204,3.463063478,4.672087193
6.053441048,4.965504646,2.379117966,5.371591091,6.423867226,4.614358425,3.372551918,4.584271431
4.124391079,4.500520229,4.414861202,4.511776447,4.514884472,4.087589741,4.827501297,4.390982151
3.00526762,5.345945835,5.525265217,4.445250034,3.413597107,4.406935215,6.01068449,4.184566498
5.26103735,5.465278625,3.561034918,4.658357143,5.645739555,4.696814537,3.920518637,3.9739573
5.077643394,5.627660275,3.694736242,4.224253654,5.4557271,5.085287571,4.036213398,3.614488602
4.322253704,4.414209366,4.398920059,4.586127758,4.687900066,4.095516205,4.696795464,4.527034283
3.856151581,5.325312614,4.037347794,5.374979496,5.230364323,3.885671616,5.359841824,4.110188484
3.110672712,5.287407398,5.464403152,4.411352158,3.385382414,4.435254574,5.948789597,4.133072853
4.954386234,5.008165359,3.811369419,4.523957729,5.204976082,4.606025219,4.38262558,3.969544888
4.323251724,4.478185177,4.300881386,4.591726303,4.720024109,4.069885254,4.73418951,4.485271454
3.859611034,5.383205891,4.091752052,5.432668686,5.176330566,3.870391846,5.36964941,4.109288692
4.813038349,3.358147383,4.137272835,5.591513157,5.261054516,3.002477646,4.307631016,5.60255003
4.692613602,3.748439074,4.01991272,5.726346016,5.283091545,2.885592222,4.456330299,5.636523724
3.921713591,5.110448837,4.041861057,5.187551022,5.065470219,3.936873436,5.249765873,4.024679184
5.020161629,5.747898102,3.589446545,4.252262592,5.411801815,4.794516563,4.362303257,3.658646822
4.622107983,6.32038784,4.630548954,3.317044258,4.683671474,5.621198654,4.796402454,2.889937639
4.065038204,4.565796852,4.23134613,4.637356281,4.453167915,4.077931881,4.899634838,4.170730591
3.797664881,5.120622635,4.04781723,4.981785297,5.039961815,4.041631222,5.053820133,4.059537411
5.310962677,5.638715744,3.515975714,4.576512337,5.589782715,4.769902229,4.008996487,3.925909281
4.332044601,4.663832664,4.589980602,4.49108696,4.661744595,3.929720163,4.645406246,4.536229134
4.699715137,3.833960295,3.996744633,5.691051483,5.174768448,2.932855606,4.435678959,5.629397869
5.046207428,5.380133629,3.82981348,4.404286385,5.273398876,4.997365952,4.234727859,3.698659658
4.81884861,3.592604399,4.135026455,5.832407951,5.287504196,2.744450569,4.406653404,5.755821228
4.599531651,6.375641346,4.541789055,3.407891273,4.695821762,5.696895599,6.013832092,2.819518328
4.811850071,3.578844547,3.880598545,5.701422215,5.4092803,2.895534039,4.348566055,5.623659611
4.010684013,5.535051823,4.142440319,5.396236897,5.151716232,3.864727736,5.298099518,4.255571365
4.54227066,6.412102699,4.553064346,3.275483847,4.61406517,5.680543423,4.849159718,2.840377569
3.322264433,4.885942459,5.058597565,4.560789585,3.671265364,4.300840855,5.647206783,4.129166603
4.695866585,4.857062817,3.802235126,4.578217983,4.89980793,4.42280674,4.469481468,4.156102657
5.108243465,5.497448921,3.697991133,4.275254726,5.309278011,5.432513237,4.017726421,3.651328802
5.179793358,5.534579277,3.871738911,4.255960941,5.420057774,5.189271927,4.491569996,3.737992287
5.148302078,6.194085121,3.756540298,4.426627159,5.502635479,4.805745125,4.068802357,3.737577915
4.34103775,4.660877705,4.649150372,4.484671116,4.733915329,3.970076084,4.687025547,4.579873085
4.399706364,4.580557346,4.610217571,4.536522388,4.814005852,3.891712427,4.601873875,4.619202137
5.710868359,4.871620178,3.210719109,5.140805721,6.073263645,4.308579922,3.22254777,4.668778419
4.629358292,6.340800285,4.542928219,3.268434286,4.64961195,5.711382389,4.728496075,2.889068127
4.123795986,4.490944386,4.366633892,4.559008598,4.439827919,4.08231926,4.8691535,4.366556168
3.46620822,4.714694023,5.050279617,4.648766994,3.90824008,4.197385311,5.449188709,4.184669018
4.618851185,6.327900887,4.552960873,3.337797403,4.758473873,5.675932407,5.694881439,2.850750685
5.038025856,5.218624115,3.751343966,4.52646637,5.26663065,4.857373238,4.364476204,3.910006285
5.092306137,5.578435421,3.717741489,4.24848032,5.34965992,5.291609287,4.053802967,3.620486498
3.920529366,5.833586693,4.806462288,3.643665314,4.155915737,4.829926014,5.871221066,3.410415649
3.21688056,5.257605076,5.365504742,4.368053436,3.431290388,4.478456974,5.777433872,4.050008774
4.104358673,5.208588123,4.091796875,4.711495399,4.607254982,3.833406687,4.664598465,4.107084274
4.882170677,2.937721729,4.198884964,5.817651272,5.323766708,2.788583279,4.395153522,5.733557224
4.646131516,6.29018259,4.551700592,3.309414864,4.594477654,5.639382839,4.879671574,2.855923176
5.065075397,5.530580044,3.691727161,4.210781574,5.26418066,5.066708565,4.086271763,3.596641302
4.400160313,4.51448679,4.517301559,4.506809711,4.850475788,3.88427496,4.594285011,4.59163332
4.978007793,5.27438879,3.731638193,4.472899914,5.213486195,4.939424038,4.695823669,3.808393002
4.419341087,4.523477077,4.471060276,4.534006596,4.758917809,3.883773565,4.60902071,4.617274761
4.982525826,5.12457037,3.880514145,4.494985104,5.238420963,4.668527126,4.301126957,3.976242304
4.012591362,5.501263142,4.116246223,5.318085194,5.360124588,3.881946325,5.287205696,4.169522762
4.505720615,6.354372501,4.687612534,3.283067703,4.719202995,5.627641678,5.289478779,2.847125292
4.447459698,4.513536453,4.381764412,4.451647282,4.614775181,4.107456684,4.667026043,4.462977409
3.851829052,5.573793888,4.018762112,5.380431652,5.198385715,3.896794319,5.405459881,4.098477364
4.571967125,6.315958977,4.375401974,3.645177841,5.076323032,5.580726624,4.904326916,3.007342577
4.737039566,3.358542442,4.121627808,5.764636993,5.192009926,2.928439856,4.464314461,5.670507908
3.845076084,5.526861191,5.771476269,5.330579281,5.187113762,3.849551678,5.320478439,4.086800098
5.148758411,5.762656689,3.747898579,4.142005444,5.360590458,5.006000042,4.650043488,3.530238867
5.000941753,5.166047096,3.93721962,4.4957304,5.14316988,4.713590145,4.375330925,3.952156067
4.60539484,6.323321819,4.618013382,3.321172953,4.665050983,5.65063715,4.889807224,2.783401728
4.299262047,4.497515678,3.992726803,4.618005753,4.644631386,4.07145834,4.602871418,4.08347559
4.691318035,3.525967121,4.084466457,5.633788109,5.184085846,2.954977512,4.481168747,5.575057983
3.881854057,5.658968449,4.086308002,5.378465652,5.105081081,3.915337324,5.345298767,4.075693607
5.116326809,5.609471321,3.716050625,4.15980196,5.299552441,5.049397945,4.092547894,3.543203592
4.249103546,4.556468487,4.176673412,4.653254032,4.560095787,4.052102566,4.583546162,4.119807243
4.426085472,4.802462101,4.372902393,4.193913937,4.63448,4.164634228,4.693703651,4.334011078
4.752167225,6.276083469,4.370247841,3.691749573,5.297553062,5.5883255,4.789267063,3.060981512
3.986270666,5.258287907,4.169991493,5.373435497,5.110861301,3.861996174,5.22878933,4.275389671
4.247525215,4.540816307,3.962739229,4.67018795,4.686967373,4.136540413,4.593766689,4.209448814
4.812865734,3.068779469,4.109495163,5.66764164,5.296348095,2.906408787,4.307910442,5.646056175
5.851810455,5.102128983,2.544620514,5.268612385,6.075047016,4.604123592,3.061333179,4.533634186
3.032839298,5.236235619,5.531352997,4.468229771,3.295828819,4.348467827,6.021447659,4.238890648
4.551350594,6.381837845,4.736489773,3.232224226,4.559221745,5.762061596,5.024230957,2.778653383
4.155712128,4.565942287,4.162797928,4.635297775,4.512687206,4.024245262,4.706749439,4.123238564
5.140808582,5.374625206,3.774534464,4.326713085,5.34100771,5.121814251,4.249295235,3.764122009
4.454772472,4.913031101,4.026725769,4.180068493,4.732797623,4.237124443,4.550886631,4.26578331
4.74809742,3.39392519,4.226785183,5.731618881,5.163221836,2.92200017,4.477180481,5.642803669
5.876701355,5.08630991,3.00715065,5.177194595,6.270736694,4.628933907,3.667853594,4.571755409
4.904648304,5.099946022,3.755566359,4.566573143,5.183913231,4.598660946,4.611534119,4.038873196
4.814844131,3.637763739,3.955136776,5.56568718,5.353256702,3.042688608,4.174960136,5.489778519
4.600365162,3.811392546,4.328006744,5.509731293,5.004388332,3.13403511,4.553598881,5.409428596
6.015910149,4.926271915,2.663129568,5.302651405,6.301556587,4.644787312,3.153481007,4.554851532
4.797407627,3.808470488,4.023693085,5.596703053,5.267782688,2.980649471,4.299150467,5.477394104
5.036467075,5.68142271,3.494181871,4.346111298,5.34080267,4.909057617,4.364107609,3.721109867
4.844776154,5.856837749,4.115447044,3.786606312,4.894251347,5.205705643,4.483708858,3.293788433
4.715473175,3.392980337,3.933938026,5.603624344,5.20413208,2.929069281,4.399343967,5.531686783
3.86111784,5.367967129,4.120603085,5.330835342,5.138589859,3.934257507,5.389905453,4.080105782
5.134881496,5.538209915,4.014550686,4.25592947,5.270347595,5.323301792,4.523835182,3.729067087
3.825184584,5.487595558,4.027710915,5.452986717,5.146290302,3.804173231,5.447485924,4.148057461
4.556314945,6.248425484,4.62105608,3.239973307,4.686489582,5.694097996,5.041642189,2.830464363
4.292041779,4.606735706,4.178132057,4.743202209,4.629014015,4.174756527,4.594713211,4.194829941
4.597209454,6.442179203,4.601768017,3.306405783,4.72388649,5.699093819,4.80269289,2.814328432
4.207713604,4.413760185,4.384371281,4.495063305,4.678483963,4.03689909,4.761411667,4.398440361
5.982079029,5.184473038,2.8148067,5.244220257,6.201107025,4.720638752,3.092917681,4.571864605
4.317849159,4.686848164,4.452632904,4.455200672,4.69933033,3.940215111,4.703533173,4.579465389
4.400156975,4.619355202,4.126488209,4.648694038,4.668674946,4.318662167,4.449781895,4.135343552
4.990907192,3.0364151,3.99814558,5.858281136,5.393583298,2.73028636,4.319852352,5.803002357
3.934809208,5.547100067,4.084342957,4.936276913,4.906930923,3.782664537,5.05559063,4.013923168
4.388371944,4.557081223,4.330919743,4.520160198,4.712157249,3.950208426,4.601865292,4.595663071
4.615953445,6.306404114,4.544523239,3.305226088,4.609192371,5.666423798,4.831641197,2.886327028
4.149796963,4.7824893,4.495831966,4.33109045,4.482341766,4.24068594,4.889535427,4.355259895
4.525859833,6.341619968,4.690409184,3.209593296,4.721007824,5.685283661,5.083368778,2.77937746
4.631768227,6.241266251,4.551058769,3.32095027,4.757298946,5.709776878,5.234715939,2.802998304
3.839663267,5.513201714,4.074636459,5.385079861,4.976453304,3.879161119,5.36908102,4.144304276
4.186394215,4.634054661,3.990049601,4.666925907,4.688574314,4.074237823,4.596705914,4.085078239
4.166676521,5.912589073,4.648458004,3.573624372,4.551898956,5.245916843,5.557561874,3.23737359
4.983735561,3.049489021,4.02269125,5.871674061,5.481340885,2.712174416,4.297440529,5.834356785
5.164076805,5.69425106,3.759194374,4.166391373,5.444507122,4.972978115,3.979910851,3.529679298
4.52859354,6.294745922,4.687202454,3.25563693,4.631233692,5.707075596,4.833093166,2.773208618
3.121594906,5.247869492,5.466355324,4.488978386,3.296657085,4.384266853,5.991929054,4.244469643
3.27556324,4.817578793,5.083515644,4.607438087,3.796058655,4.21303463,5.591034412,4.138634205
5.611731052,4.771514893,2.83449173,5.058871746,6.025260448,4.430028915,3.409840584,4.598853588
4.147235394,4.514823914,4.011229992,4.707229137,4.492235661,3.972640514,4.639408588,4.104409218
3.214396,5.267463207,5.426698685,4.36367321,3.491994619,4.429404259,5.882732868,4.089251041
4.850456715,4.917408943,3.736762762,4.575134754,5.089696884,4.552485466,4.821116447,4.062660217
5.117127419,5.557843208,3.963826895,4.292663574,5.376172066,5.289289951,4.542936802,3.716496229
3.871038198,5.356472969,4.097691059,5.392178535,5.124527931,3.857350826,5.384772301,4.185079098
3.863011837,5.289973736,4.051671982,5.37590456,5.189893723,3.881232738,5.361914158,4.170741081
3.226726532,5.323608398,5.366952419,4.315649033,3.385872602,4.559175968,5.858757496,4.053801537
3.842303991,5.189165592,3.985494137,5.425429344,4.950067997,3.805042267,5.398683548,4.103572845
3.027837276,5.232933998,5.517896652,4.521421909,3.355303049,4.394629955,6.029675961,4.204602242
4.3543787,4.520572186,4.580518723,4.477530956,4.718169689,4.011750221,4.67514658,4.596066475
4.385820389,6.09487009,4.53741169,3.447975636,4.564329624,5.385551929,5.329678535,3.097043991
3.866642952,5.366181374,4.178859711,5.370091438,5.133412838,3.900083542,5.386147976,4.102192879
4.242691994,4.371423721,4.219672203,4.683695793,5.024490833,3.998021364,4.649737835,4.303713322
6.062211514,5.077418804,2.348012686,5.377458572,6.444275856,4.613385201,3.378226042,4.583610535
4.465685368,4.918021202,3.961549759,4.149535179,4.571870804,4.258203506,4.511859894,4.276780605
4.933841705,3.613970757,4.014218807,5.872040272,5.350354671,2.705647469,4.345906734,5.778761864
5.735147476,4.860095501,3.258493662,5.053295612,6.13822031,4.549686909,3.592648506,4.668937206
4.056849957,4.007208824,4.68687439,5.292977333,4.380071163,3.409743547,5.059864521,4.938790321
5.780856133,5.114254951,2.620657921,5.178590775,6.093349934,4.634673595,3.120841265,4.468613148
4.847548008,3.55153203,4.038853645,5.841669083,5.332565308,2.709755898,4.346939087,5.797870636
6.075754166,5.090287209,2.41238451,5.400398731,6.442466259,4.490923405,3.400527,4.597423077
4.99758625,5.925424099,3.68580842,4.282588959,5.42249155,4.955578804,4.288495064,3.595278263
4.220366001,5.035408974,3.858520746,4.707479,4.965773106,4.030775547,4.631714821,4.138372421
4.258477211,4.626146793,4.084942341,4.638277054,4.668131828,4.111356735,4.624809742,4.132925987
5.08492136,5.539689064,3.725156546,4.254720688,5.438797474,4.991318703,4.002222538,3.639299393
5.025495529,3.138738394,3.994339466,5.813135624,5.37121582,2.714078188,4.31293726,5.820644855
4.524857044,6.379019737,4.677046299,3.20835948,4.651328564,5.766571999,4.949180603,2.73997426
4.772071838,3.598160505,4.055119514,5.800061703,5.283893585,2.797549725,4.420906067,5.702735424
5.111899853,6.097047806,3.594514132,4.26438427,5.426487923,4.923142433,4.181247711,3.636079073
4.256668568,4.568488121,4.000653267,4.652531147,4.54509306,4.189119816,4.619609833,4.180734634
4.613746643,6.268228054,4.576746941,3.286775827,4.705876827,5.672869205,5.09184742,2.863926411
4.290056705,4.57270813,4.355818748,4.629218578,4.665258408,4.099795818,4.713532448,4.399525166
4.501066685,6.248796463,4.735475063,3.330925941,4.638333321,5.619140148,7.555370808,2.966195583
4.784144402,3.570481777,3.948072195,5.741626263,5.333136559,2.845257998,4.333904266,5.654858112
4.291052818,4.555158138,4.072625637,4.75236845,4.525127411,4.12278986,4.572087765,4.205207825
5.019024849,3.124128819,3.929288864,5.810441494,5.332484722,2.727060318,4.317525864,5.798611641
5.145448685,5.491944313,3.832700491,4.337373257,5.490922451,5.098398685,3.889177322,3.673865795
5.997403145,5.107872963,2.941305637,5.348097324,6.415541649,4.63051796,3.131718397,4.579169273
4.565647602,6.261641502,4.323019981,3.641835451,5.000892639,5.587330341,4.907730103,2.976556063
3.157092094,5.345569611,5.480722427,4.45940876,3.411636353,4.403743267,5.932736397,4.16814661
4.211232662,3.898097515,4.557184219,5.432646275,4.521930218,3.413063049,4.914514065,5.12289238
4.517365456,4.924104691,3.997271061,4.23123455,4.81814146,4.252145767,4.447245121,4.308245659
5.100516319,5.348925591,3.86127305,4.390280724,5.388481617,5.128033638,4.250557423,3.712281942
5.822216034,4.912333488,3.263753891,5.186702728,6.189088821,4.375724792,3.296400309,4.689201832
5.003468513,5.788416386,3.547106981,4.368067265,5.447343826,4.866917133,4.24720192,3.712740183
4.571401119,6.448293209,4.586992264,3.204797268,4.716237545,5.707879543,5.803981304,2.767141104
5.895996571,5.086197853,2.558323383,5.26088953,6.217383385,4.523684502,3.16752553,4.525531769
4.682071686,3.692125559,4.092947483,5.724516392,5.225938797,2.962023973,4.468520641,5.640206337
3.774644852,5.137223721,4.060973644,4.619721889,4.587993145,4.00108099,5.03679657,4.07615757
5.192090034,5.525500298,3.700764179,4.308121204,5.552895069,5.0496521,3.80460763,3.675141573
4.870165348,5.868058205,4.152315617,3.768330574,4.82047987,5.284106731,4.523322582,3.248265266
5.976978302,5.053438187,2.922996044,5.26935339,6.388682842,4.614529133,2.970457077,4.604201317
5.819820404,5.063207626,2.67068243,5.265635014,6.20864439,4.564202785,3.111943245,4.493712425
4.982870102,2.977426052,4.053780556,5.833291054,5.46252203,2.75419116,4.330096245,5.807319164
4.637715816,6.237039089,4.617874146,3.33099699,5.038957596,5.562417507,5.206578732,3.019458771
5.187909603,4.122456551,3.374785662,5.453335762,5.599215984,3.776185036,3.591662645,4.87833786
4.977850914,2.921442747,3.969429016,5.824655533,5.279856205,2.761322498,4.33177948,5.782738209
4.406250954,4.656020164,4.446164131,4.55189991,4.824200153,3.916856527,4.616581917,4.619315624
5.801012039,4.909194469,3.122806787,5.142150879,6.152733803,4.61098671,3.376776695,4.619765282
4.232088089,4.471075535,4.02456665,4.654212475,4.673848152,4.098974228,4.610879421,4.133696079
4.821043968,6.192050457,4.264772892,3.587241411,5.121584892,5.562763691,4.619040489,3.092119217
4.289834023,4.598455429,4.195604801,4.696374416,4.617431641,4.17706728,4.556591511,4.226112366
3.073837757,5.407948971,5.40341711,4.402112484,3.395467758,4.462624073,5.96736145,4.102257729
5.022592545,5.898620129,3.587340355,4.339725018,5.322160721,4.832122803,4.285866737,3.65200448
5.139453411,5.55689764,3.94795537,4.217063427,5.368152618,5.378274441,4.277360439,3.678778887
4.861572742,3.290392399,4.060309887,6.205321789,5.352376938,2.807669878,4.412849903,5.727444172
4.829661846,3.586627007,4.045148849,5.792356968,5.354823112,2.861554146,4.377686501,5.727296829
4.313862801,6.073617458,4.558963776,3.515669823,4.597484112,5.352307796,5.46624136,3.092546225
4.708976269,3.796273947,4.0148592,5.593624592,5.256670952,2.975632191,4.368547916,5.520625114
3.856003046,5.589725494,4.019064426,5.457909584,5.132047176,3.867967606,5.427876949,4.094213009
4.943778515,5.910694122,4.093980789,3.701708078,4.925709248,5.313575268,4.525123596,3.285918474
5.404623985,5.182524204,3.332818747,4.770946026,5.7688694,4.755238056,3.875382662,4.121063709
3.020977497,5.257536888,5.576710701,4.438366413,3.369395018,4.397024155,6.018305779,4.213555813
4.363836288,4.47614193,4.484029293,4.521118641,4.75867939,3.918129683,4.622542858,4.634693146
4.21776104,4.552905083,4.237081528,4.653958321,4.599244118,4.081045628,4.691703796,4.296914577
3.95491004,5.211941242,4.40826273,4.786587715,4.766469955,3.910116196,4.923276424,4.105237484
4.212374687,4.469736099,4.158826351,4.685950279,4.597234726,4.108770847,4.627909184,4.123775005
4.627259731,6.283829689,4.37481451,3.646578789,4.994411469,5.572716713,4.870504856,2.979697227
5.053931236,5.53908968,3.802271128,4.30335474,5.317538261,5.557031155,4.096360207,3.64696455
3.192495346,5.302175999,5.314538956,4.389831543,3.481328726,4.50042963,5.875322342,4.092419147
5.729300499,4.914008617,2.831337452,5.209796906,6.142690659,4.365132809,3.159687996,4.689484119
3.572211504,5.377131939,5.289037704,4.055997849,3.642167807,4.78551054,5.598264217,3.74887228
4.346090317,4.519081593,4.436352253,4.580643177,4.684029579,4.06678009,4.675134659,4.51696825
4.31713295,4.515646458,4.295929432,4.630443573,4.781318665,4.053585052,4.620854378,4.468748569
4.571703434,6.21044445,4.515074253,3.365727901,5.03081274,5.629564762,4.993170738,2.969082355
4.349319935,4.391130447,4.283137798,4.598301888,4.68177557,4.087631226,4.733119488,4.523766518
3.007796526,5.308310986,5.554296017,4.436669827,3.234386206,4.445931911,6.042316914,4.185553074
3.127642393,5.386063099,5.444265842,4.36638689,3.242095709,4.47431612,5.934653282,4.112856865
5.134784698,5.447840214,3.782601833,4.355204105,5.527337551,5.082271099,3.905394554,3.723269939
4.695687294,3.139803886,4.10089159,5.668443203,5.159558773,2.909389973,4.453356266,5.584097862
3.664317846,5.605785847,4.869254112,3.83204937,3.907753229,4.896542072,5.816068172,3.670929909
6.071936607,4.947054386,2.743127584,5.417942047,6.424468517,4.604974747,3.021541834,4.645949841
4.489644527,6.331595421,4.558496952,3.252184629,5.229535103,5.719819069,4.834170818,2.820371628
4.013993263,5.393406391,4.20854187,5.360890865,5.115802765,3.908097744,5.298265934,4.225651264
4.521284103,6.418897629,4.673439503,3.259094715,4.627224922,5.693603992,5.073594093,2.864302635
4.818719864,3.281917572,4.175114632,5.802923679,5.311926365,2.78350687,4.400483608,5.730369568
4.14251852,4.428136349,4.326182365,4.550364971,4.636044979,4.078186989,4.834953308,4.426552773
4.139868259,4.631160259,4.372451305,4.607494831,4.551943302,4.063125134,4.801540852,4.319149971
4.966012478,5.310698986,3.545269251,4.312579155,5.37760973,4.909283638,4.705930233,3.699863672
4.623850346,3.872385502,4.260554314,5.958307266,5.082716465,3.084471703,4.543791294,5.45522213
4.549916267,6.300848484,4.686886311,3.323374987,4.578010559,5.669028282,5.296264172,2.89448452
3.1067698,5.352414608,5.45164156,4.437147141,3.38840723,4.403077602,5.981683254,4.204330921
4.21709919,4.724622726,4.192145348,4.702026844,4.513160706,4.081332207,4.622679234,4.124828815
4.495203018,6.448422909,4.650369167,3.198604822,4.790527344,5.7259202,5.103010654,2.785199165
4.603154659,6.276446342,4.606778145,3.38036561,4.919621468,5.661385059,5.665837765,3.243016005
4.698481083,3.700749874,3.925999165,5.722990513,5.355520725,2.874391794,4.408708572,5.672738075
5.550237179,4.747709274,2.906104326,5.05374527,5.847188473,4.48727417,3.370525599,4.62584734
4.991138458,2.964788198,4.083479404,6.206858635,5.388048172,2.821222305,4.354371548,5.770792484
5.792043209,4.832032204,3.121464729,5.149353981,6.079863071,4.360435963,3.349730492,4.722609997
4.130456924,4.739431858,3.985060215,4.704381466,4.699419022,3.921186447,4.63624382,4.110135555
5.244843483,4.378365517,3.471370697,5.324517727,5.697581768,3.875582695,3.448037863,4.791245461
4.401572227,4.673863888,4.098161697,4.784478188,4.547987461,4.122577667,4.550245285,4.240546703
3.13226676,5.26917696,5.442118645,4.393494606,3.421769142,4.484515667,5.898703098,4.115894794
4.966090679,6.018898487,4.134630203,3.649544001,4.893317699,5.317883015,4.483792305,3.237426281
3.134013653,5.325902462,5.474864483,4.384944916,3.432289839,4.476988316,5.942656994,4.104576588
4.579935074,6.345565796,4.656031132,3.30594039,4.667706013,5.650985718,5.32030201,2.857296228
4.257450104,4.559878349,4.150603771,4.66891861,4.706666946,4.178355217,4.568180561,4.200638294
4.025611877,5.463521957,4.231427193,5.351016521,5.278902531,3.895751238,5.286130428,4.181506634
3.067574739,5.217799664,5.487429619,4.430252552,3.345251799,4.382748127,5.96789217,4.21556282
5.069723606,6.1863904,3.615540981,4.295280457,5.355498791,4.9514184,4.790141582,3.651721954
5.951029301,5.057118416,2.88577342,5.333564758,6.336860657,4.58276844,3.056671143,4.653586388
4.317583561,4.348000526,4.378709793,4.57312727,4.782022476,4.086238861,4.756569386,4.523776054
5.02840519,5.656007767,3.834887981,4.18842268,5.351407051,5.044752598,4.111001968,3.57303071
4.724618912,3.857851028,3.963489771,5.62240839,5.276699066,3.025649786,4.356698036,5.540035248
5.798502445,4.912534237,3.170287848,5.180549622,6.115481377,4.508954048,3.312599421,4.631328106
5.107919693,5.618613243,3.864450693,4.160832405,5.279860973,5.234988689,4.291699409,3.585799217
4.518029213,6.153542995,4.642710686,3.404904366,4.859357834,5.436602116,5.332474709,3.051676989
5.067608833,5.548313141,3.951313972,4.272629261,5.295860767,5.319219589,4.460224628,3.71575141
5.103042603,5.636554718,3.743909359,4.257548332,5.313868046,5.033047676,3.997096062,3.595822334
3.118728161,5.192695618,5.493009567,4.39088583,3.412515402,4.426280975,5.970532894,4.161644936
4.973775387,3.624113798,4.073654175,5.896941662,5.460718632,2.685720682,4.323496819,5.776824474
5.133825779,5.448587418,3.904263973,4.303918839,5.395838737,5.194621086,4.331501007,3.743100643
4.253848553,4.493499756,4.10667181,4.650849819,4.640233994,4.165379524,4.60632658,4.204310417
4.105676174,4.795515537,4.146240234,4.707286835,4.582680225,3.811169386,4.654373169,4.154875278
3.050916195,5.197948933,5.570067406,4.485933304,3.411721706,4.414132595,6.017930031,4.228569984
4.209276199,4.526893139,4.14561224,4.668023109,4.643774986,4.138548851,4.622134209,4.176368237
5.149819374,5.958292007,3.579629898,4.230904579,5.452819824,4.941262245,4.172430992,3.644157648
3.855633497,5.543337822,4.101980686,5.474170685,5.179139137,3.862561464,5.369229317,4.088362694
3.361049891,4.810201168,5.109638691,4.635746956,3.859309673,4.257023811,5.535211086,4.191336632
4.680386543,3.30910182,4.16242981,5.643527508,5.089330196,3.017320871,4.463920116,5.574369431
4.180808544,4.504747868,4.191058159,4.754480839,4.586251736,4.066862583,4.595592499,4.228408813
3.243007421,5.184973717,5.479287624,4.329912186,3.429126978,4.589205265,5.900799274,4.071242332
3.045984268,5.219968319,5.536918163,4.532779694,3.39059639,4.342657089,6.003343105,4.23874855
3.194849968,5.176056385,5.398442268,4.35607481,3.421621323,4.462734222,5.925631046,4.119318485
3.997318268,5.27263546,4.279056549,5.334318161,5.378165245,3.916543722,5.278285503,4.206147671
5.192155838,5.355738163,3.763171196,4.423859596,5.464091778,5.004347324,3.825794935,3.790556908
4.596179962,6.153535366,4.575729847,3.340995073,4.969418049,5.457397938,5.199608326,3.014582872
4.25661993,4.566438675,4.132357597,4.658403397,4.652342796,4.099239826,4.634507656,4.111169815
4.949795723,6.125930786,3.631968021,4.302671432,5.332237244,4.966611385,4.215960979,3.678575754
4.625512123,6.243758678,4.566800594,3.331566095,4.74259758,5.671729565,4.829349041,2.833055258
4.71847105,3.724049807,3.931694508,5.69625473,5.353722572,2.908850193,4.334417343,5.585932255
4.713840008,3.486832857,4.093170166,5.568695068,5.171089172,3.011993408,4.404634476,5.547077656
4.94783926,5.142478943,3.825760841,4.561010838,5.169001579,4.64192915,4.609912872,4.042854309
4.113071918,3.869395971,4.765314579,5.392677307,4.443074226,3.44562459,5.023516178,4.959252357
5.489082813,4.67209816,2.89205265,5.303667545,5.852035522,4.067664623,3.262911558,4.724648476
4.779117584,3.804073334,3.973542929,5.607655048,5.248542786,2.978002787,4.345953941,5.543483734
3.022823334,5.176893234,5.555202007,4.527680397,3.242813349,4.426062107,5.993381023,4.193434238
5.725404263,4.763902664,3.070645332,5.182854652,6.120641232,4.333656311,3.412463427,4.716355801
3.874363422,5.373862743,4.041495323,5.352324486,5.163748264,3.872164965,5.349402905,4.101501465
5.592611313,4.716300011,2.858713627,5.299313545,5.964992523,4.118551731,3.178005934,4.713361263
5.844830513,4.900835991,3.239316463,5.270971298,6.193933964,4.428956985,3.248172045,4.757675648
4.680864334,3.427039623,4.149669647,5.628786564,5.108996391,2.983559608,4.447850227,5.596191883
6.034541607,5.062757969,2.520994186,5.383387089,6.456547737,4.598209381,3.36269331,4.586690426
5.121133327,5.638360977,3.840241194,4.232104301,5.422764778,4.971814632,4.591374874,3.600794554
5.452063084,5.158435345,3.161787748,4.952875614,5.819778919,4.65221405,3.645830631,4.286428452
5.202808857,5.542006016,3.72098279,4.300125122,5.574263096,4.964794159,4.112254143,3.66929245
5.150310993,5.424312115,3.931077003,4.26393652,5.394317627,5.202539921,4.500380516,3.77190876
3.997857332,4.096685886,4.51376152,5.274701595,4.438497066,3.492199183,5.064713478,4.842466831
5.014018536,5.80628252,3.695177317,4.265092373,5.43228817,4.865151405,4.327764988,3.61189723
5.084121704,5.587403774,3.905603409,4.307135105,5.404597282,5.318425655,4.228563786,3.680726528
4.410385609,4.481948853,4.363499165,4.899752617,4.704730511,4.047492027,4.505189896,4.44601059
4.321837902,4.465516567,4.381165028,4.530059338,4.666497707,4.078509331,4.673074722,4.537132263
5.242917061,5.338037491,3.763132572,4.417011738,5.457222939,5.050765038,4.097029209,3.837780476
4.531736374,6.379539967,4.713888645,3.184078693,4.707973003,5.703760147,5.188359261,2.730452538
4.693045139,3.557597637,4.031718254,5.654993534,5.263133049,2.901566982,4.468742371,5.589170456
5.062529087,5.623918056,3.824702263,4.196583271,5.386419773,4.970224857,4.093970299,3.55423522
4.416027069,4.706099033,4.32294035,4.233285904,4.635044575,4.175637722,4.677812576,4.351320267
3.02439785,5.24436903,5.581474781,4.481276035,3.354024887,4.426832199,6.032306671,4.226615906
4.170250893,4.799622059,4.489367962,4.339449883,4.518981457,4.311152458,4.914529324,4.30709219
4.254652023,4.584847927,4.101166725,4.634465218,4.66019392,4.242194176,4.547695637,4.161031723
4.809473515,5.527272224,3.74410677,4.350883007,5.239774704,4.837822914,4.650761604,3.709020138
4.883796215,3.54625988,3.793146372,5.728197575,5.392193317,3.075650454,4.170202255,5.44522953
4.525788307,6.27611351,4.691172123,3.26200366,4.468356133,5.689635754,4.82839489,2.854192972
4.886629581,3.471644878,3.975968361,6.297753811,5.302907944,2.682318687,4.316861153,5.802821159
5.9398489,5.026772976,2.851522446,5.266246319,6.333608627,4.619461536,3.060472012,4.536056995
3.866075754,5.4523983,3.999798059,5.283576488,5.12623024,3.846827269,5.451870918,4.120481014
4.206707478,4.615101814,4.218553543,4.588125229,4.496403694,4.080884933,4.661531925,4.10591507
5.030063152,5.382131577,3.746105194,4.381003857,5.425991535,5.105540276,4.1992836,3.714945316
0,0,0,0,0,0,0,0
4.454565525,6.104738712,4.620065689,3.420014381,4.742491722,5.380123615,5.266334534,3.042438269
3.496507883,5.412482738,5.27245903,4.089363575,3.65058732,4.790104389,5.690364361,3.721417665
4.582892895,6.279380798,4.619292736,3.347735643,4.80652523,5.691358566,4.821356297,2.855455399
4.289310455,4.557809353,4.16911459,4.635659218,4.645594597,4.189462185,4.581668854,4.161920547
4.772762775,3.844614983,3.939316988,5.591087818,5.327033043,3.034790993,4.231575012,5.510480404
3.048372746,5.217989922,5.599473953,4.410277367,3.269091129,4.434298515,6.023163319,4.237733364
4.779479027,3.110426426,4.205357552,5.784265041,5.126858234,2.867105007,4.489645481,5.712251186
3.825089693,5.405310631,5.727216721,5.375015259,5.026092529,3.865758657,5.341247082,4.111048222
5.584661484,4.789037228,2.970961809,5.06588316,6.00261879,4.454289436,3.418446541,4.633146286
5.216922283,5.493973732,3.70141983,4.260530472,5.602330685,5.083265781,3.954788923,3.649395227
